word,length_category
cat,short
dog,short
bat,short
fox,short
owl,short
ant,short
bee,short
cup,short
map,short
pen,short
sun,short
moon,short
star,short
fish,short
bird,short
apple,short
lemon,short
grape,short
tiger,short
eagle,short
bridge,medium
castle,medium
dragon,medium
garden,medium
planet,medium
rocket,medium
silver,medium
golden,medium
winter,medium
summer,medium
forest,medium
island,medium
thunder,medium
crystal,medium
phantom,medium
sapphire,medium
elephant,medium
adventure,medium
chocolate,medium
strawberry,medium
butterfly,medium
sophisticated,long
extraordinary,long
communication,long
imagination,long
celebration,long
exploration,long
transformation,long
understanding,long
neighborhood,long
relationship,long
architecture,long
encyclopedia,long
mathematics,long
philosophy,long
technology,long
university,long
experience,long
development,long
environment,long
